                  epoch,         train/box_loss,         train/cls_loss,         train/dfl_loss,   metrics/precision(B),      metrics/recall(B),       metrics/mAP50(B),    metrics/mAP50-95(B),           val/box_loss,           val/cls_loss,           val/dfl_loss,                 lr/pg0,                 lr/pg1,                 lr/pg2
                      1,                 1.4636,                 2.3695,                 1.9811,                 0.9288,                0.97131,                0.97462,                0.58728,                 3.5598,                 2.0398,                 5.3353,             0.00016592,             0.00016592,             0.00016592
                      2,                 1.2041,                 1.3685,                 1.7109,                0.99891,                0.99552,                  0.995,                0.64906,                  3.452,                 1.7618,                 4.3728,             0.00026674,             0.00026674,             0.00026674
                      3,                 1.1106,                 1.1143,                 1.6271,                0.99329,                0.99466,                0.99384,                0.64181,                 3.4335,                 1.3182,                 5.4673,             0.00030155,             0.00030155,             0.00030155
                      4,                  1.058,                0.96022,                 1.5715,                0.99795,                0.99866,                0.99499,                0.59042,                 3.5759,                 1.1242,                 5.4728,               0.000203,               0.000203,               0.000203
                      5,                  1.028,                0.88549,                 1.5503,                0.99988,                      1,                  0.995,                 0.7375,                 3.4083,                 0.9931,                 5.2909,               0.000203,               0.000203,               0.000203
